Russian,English; British (adj),Spanish,English,Dutch,English,,,
и,and,como,as,als,as,,,
в (во),"(+pr) in; (+a) into, to",yo,I,Ik,I,,,
не,not,su,his,zijn,his,,,
на,"(+pr) on, at; (+a) onto, to",que,that,dat,that,,,
я,I,él,he,hij,he,,,
он,he,era,was,was,was,,,
что,"what, that",para,for,voor,for,,,
с (со),"(+inst) with; (+g) from, off",en,on,op,on,,,
это,"this, that, it",son,are,zijn,are,,,
быть (i) (pres: есть),"to be; there is, there are",con,with,met,with,,,
а,"and, but (slight contrast)",ellos,they,ze,they,,,
"весь (f вся, n всё, pl все)",all,ser,be,zijn,be,,,
они,they,en,at,bij,at,,,
она,she,uno,one,een,one,,,
как,"how, as, like",tener,have,hebben,have,,,
мы,we,este,this,deze,this,,,
к (ко) (+d),"towards, to",desde,from,van,from,,,
у (+g),by; at (used in ‘have’ construction),por,by,door,by,,,
вы,you (polite/pl),caliente,hot,heet,hot,,,
"этот (f эта, n это, pl эти)",this,palabra,word,woord,word,,,
за,(+a) for; (+inst) behind,pero,but,maar,but,,,
"тот (f та, n то, pl те)",that,qué,what,wat,what,,,
но,but,algunos,some,sommige,some,,,
ты,you (familiar),es,is,is,is,,,
по (+d),along; around; according to,lo,it,het,it,,,
из (изо) (+g),"out of, from",usted,you,u,you,,,
о (об/обо) (+pr),"about, concerning",o,or,of,or,,,
свой,one’s own,tenido,had,had,had,,,
так,so,la,the,de,the,,,
"один (f одна, n одно)",one,de,of,van,of,,,
вот,"here, there (pointing)",a,to,aan,to,,,
который,"which, who",y,and,en,and,,,
наш,our,un,a,een,a,,,
только,only,en,in,in,in,,,
ещё,"still, yet",nos,we,we,we,,,
от (+g),from,lata,can,kan,can,,,
такой,such,fuera,out,uit,out,,,
мочь/с-,to be able,otros,other,andere,other,,,
говорить/по- (с +inst),"to speak; to have a talk, talk (to)",eran,were,waren,were,,,
говорить/сказать,to say,que,which,die,which,,,
для (+g),for,hacer,do,doen,do,,,
уже,already,su,their,hun,their,,,
знать (i) (+a),to know,tiempo,time,tijd,time,,,
да,"yes; and, but",si,if,indien,if,,,
какой,what (kind of),lo hará,will,zal,will,,,
когда,when,cómo,how,hoe,how,,,
другой,"different, other",dicho,said,zei,said,,,
первый,first,un,an,een,an,,,
чтобы,in order to,cada,each,elk,each,,,
его,"his, its",decir,tell,vertellen,tell,,,
год,year,hace,does,doet,does,,,
кто,who,conjunto,set,set,set,,,
дело,"matter, business",tres,three,drie,three,,,
нет,no; (+g) there is no,querer,want,willen,want,,,
её,her,aire,air,lucht,air,,,
очень,very,así,well,goed,well,,,
большой,large,también,also,ook,also,,,
новый,new,jugar,play,spelen,play,,,
становиться/стать (+inst),to become; to stand; p: begin,pequeño,small,klein,small,,,
работа,work,fin,end,end,end,,,
сейчас,"now, right now",poner,put,zetten,put,,,
время (n),time,casa,home,thuis,home,,,
человек (pl люди),person,leer,read,lezen,read,,,
идти/пойти,to go (on foot),mano,hand,de hand,hand,,,
если,if,puerto,port,poort,port,,,
два (f две) ,two,grande,large,grote,large,,,
мой,my,deletrear,spell,spell,spell,,,
жизнь (f),life,añadir,add,toevoegen,add,,,
до (+g),up to; until,incluso,even,zelfs,even,,,
где,where,tierra,land,land,land,,,
каждый,"each, every",aquí,here,hier,here,,,
самый,"the very, most",debe,must,moet,must,,,
хотеть/за-,to want,grande,big,grote,big,,,
здесь,here,alto,high,hoog,high,,,
надо,it is necessary,tal,such,dergelijke,such,,,
люди (pl),people,siga,follow,volgen,follow,,,
теперь,now,acto,act,act,act,,,
дом,house,por qué,why,waarom,why,,,
раз,once; a time,preguntar,ask,vragen,ask,,,
день (m),day,hombres,men,mannen,men,,,
или,or,cambio,change,verandering,change,,,
город,"town, city",se fue,went,ging,went,,,
там,there,luz,light,licht,light,,,
слово,word,tipo,kind,soort,kind,,,
глаз,eye,fuera,off,uitgeschakeld,off,,,
потом,"then, next",necesitará,need,nodig hebben,need,,,
видеть/у- (+a),to see,casa,house,huis,house,,,
их,their,imagen,picture,afbeelding,picture,,,
под (+inst),under,tratar,try,proberen,try,,,
даже,even,nosotros,us,ons,us,,,
думать/по-,to think,de nuevo,again,weer,again,,,
хорошо,well; it is good,animal,animal,dier,animal,,,
можно,it is possible,punto,point,punt,point,,,
тут,here (like здесь),madre,mother,moeder,mother,,,
тысяча,thousand,mundo,world,wereld,world,,,
ли,whether [question word],cerca,near,dichtbij,near,,,
вода,water,construir,build,bouwen,build,,,
ничто/ничего (a/g),nothing,auto,self,zelf,self,,,
много (+g),"much, many, a lot",tierra,earth,aarde,earth,,,
рука,hand; arm,padre,father,vader,father,,,
себя,self [(a) pronoun],cualquier,any,een,any,,,
молодой,young,nuevo,new,nieuwe,new,,,
тоже,too,trabajo,work,werk,work,,,
спрашивать/спросить (+a о +pr),to ask (s.o. about sth),parte,part,deel,part,,,
без (+g),without,tomar,take,nemen,take,,,
делать/с- (+a),"to do, make",conseguir,get,krijgen,get,,,
три,three,lugar,place,plaats,place,,,
всё,all; all the time,hecho,made,gemaakt,made,,,
то,that; then,vivir,live,wonen,live,,,
жить/по-,to live; p: live for a while,donde,where,waar,where,,,
труд,labour,después,after,na,after,,,
"сам (f сама, n само, pl сами)",self,espalda,back,terug,back,,,
хороший,good,poco,little,weinig,little,,,
второй,second,sólo,only,alleen,only,,,
через (+a),"across, via, after",ronda,round,ronde,round,,,
место,place,hombre,man,man,man,,,
после (+g),after,años,year,jaar,year,,,
страна,country,vino,came,kwam,came,,,
двадцать,twenty,show,show,Show,show,,,
"должен (f должна, n должно, pl должны)","ought, obliged, must",cada,every,elke,every,,,
больше,more,buena,good,goed,good,,,
ваш,your,me,me,mij,me,,,
дверь (f),door,dar,give,geven,give,,,
друг (pl друзья),friend,nuestro,our,onze,our,,,
машина,machine; car,bajo,under,onder,under,,,
комната,room,nombre,name,naam,name,,,
учиться (i),to study,muy,very,zeer,very,,,
над (+inst),above,a través de,through,door,through,,,
голова,head,sólo,just,gewoon,just,,,
почему,why,forma,form,vorm,form,,,
земля,"earth, land",frase,sentence,zin,sentence,,,
стол,table,gran,great,grote,great,,,
давать/дать (+a +d),to give (sth to s.o.),pensar,think,denken,think,,,
перед (+inst),"in front of, before",decir,say,zeggen,say,,,
тогда,"then, at that time",ayudar,help,helpen,help,,,
сидеть/по-,to sit (p: sit for a while),bajo,low,laag,low,,,
мальчик,boy,línea,line,lijn,line,,,
девушка,girl,ser distinto,differ,verschillen,differ,,,
лето (g pl лет),summer; (after numbers) years,"a su vez,",turn,beurt,turn,,,
сегодня,today,causa,cause,oorzaak,cause,,,
сторона,side,mucho,much,veel,much,,,
совсем,completely,significará,mean,betekenen,mean,,,
маленький,small,antes,before,voor,before,,,
несколько (+g),"a few, some",movimiento,move,verhuizing,move,,,
вдруг,suddenly,derecho,right,rechts,right,,,
ни,not a,niño,boy,jongen,boy,,,
лицо,face; person,viejo,old,oude,old,,,
конечно,of course,demasiado,too,ook,too,,,
народ,(the) people,misma,same,hetzelfde,same,,,
начинать/начать,to begin,ella,she,ze,she,,,
пять,five,todo,all,alle,all,,,
ведь,you know (expecting agreement),hay,there,er,there,,,
вопрос,question,cuando,when,wanneer,when,,,
писать/на- (+a),to write,hasta,up,omhoog,up,,,
письмо,letter,uso,use,gebruiken,use,,,
при (+pr),in the presence/time of; attached to,su,your,uw,your,,,
мать (f),mother,camino,way,manier,way,,,
нужно,(it is) necessary,acerca,about,over,about,,,
смотреть/по-,to watch; (на +a) look (at),muchos,many,veel,many,,,
сила,"strength, force",entonces,then,dan,then,,,
вместе,together,ellos,them,hen,them,,,
выходить/выйти,to go out,escribir,write,schrijven,write,,,
любить/по- (+a),"to like, love; p: to fall in love with",haría,would,zou,would,,,
дорога,road,como,like,zoals,like,,,
старый,old,así,so,dus,so,,,
улица,street,éstos,these,deze,these,,,
решать/решить (+inf/+a),to decide; solve,su,her,haar,her,,,
книга,book,largo,long,lang,long,,,
всегда,always,hacer,make,maken,make,,,
голос,voice; vote,cosa,thing,ding,thing,,,
значить (i),to mean,ver,see,zien,see,,,
сразу,at once,él,him,hem,him,,,
лишь,only (=только),dos,two,twee,two,,,
минута,minute,tiene,has,heeft,has,,,
снова,again,buscar,look,kijken,look,,,
окно,window,más,more,meer,more,,,
бы,would (conditional particle),día,day,dag,day,,,
уходить/уйти,to leave (on foot),podía,could,kon,could,,,
девятьсот,nine hundred,ir,go,gaan,go,,,
последний,last,venir,come,komen,come,,,
проходить/пройти,"to go through, pass (on foot)",hizo,did,deed,did,,,
отец,father,número,number,aantal,number,,,
час,hour,sonar,sound,klinken,sound,,,
просто,simply,no,no,geen,no,,,
видеть/увидеть,to see,más,most,meest,most,,,
же,emphasizes preceding word,personas,people,mensen,people,,,
третий,third,mi,my,mijn,my,,,
потому/потому что,that is why because,sobre,over,meer dan,over,,,
никто,nobody,saber,know,weten,know,,,
ждать/подо- (+a or g),to wait (for),agua,water,water,water,,,
сколько (+g),"how many, how much",que,than,dan,than,,,
высокий,"high, tall",llamada,call,roep,call,,,
лучше,better,primero,first,eerste,first,,,
получать/получить (+a),"to receive, get",que,who,die,who,,,
почти,almost,puede,may,kan,may,,,
лес,"wood, forest",abajo,down,naar beneden,down,,,
конец,end,lado,side,kant,side,,,
нога,leg/foot,estado,been,geweest,been,,,
собственный,(one’s) own,ahora,now,nu,now,,,
сто,hundred,encontrar,find,vinden,find,,,
художник,artist,cabeza,head,hoofd,head,,,
четыре,four,de pie,stand,staan,stand,,,
пока,while,propio,own,eigen,own,,,
пока не,until,página,page,pagina,page,,,
слушать/по- (+a),to listen to,debería,should,moeten,should,,,
путь (m),"way, journey",país,country,land,country,,,
белый,white,encontrado,found,gevonden,found,,,
республика,republic,respuesta,answer,antwoord,answer,,,
быстро,quickly,escuela,school,de school,school,,,
куда,where (whither),crecer,grow,groeien,grow,,,
главный,main,estudio,study,studie,study,,,
дети (pl),children,todavía,still,nog,still,,,
рассказывать/рассказать,"to tell, talk (about)",aprender,learn,leren,learn,,,
совет,advice; council,planta,plant,planten,plant,,,
газета,newspaper,cubierta,cover,afdekking,cover,,,
понимать/понять (+a),to understand,alimentos,food,voedsel,food,,,
пора,"it is time; time, season",sol,sun,zon,sun,,,
твой,your (familiar),cuatro,four,vier,four,,,
бывать (i),to be (repeatedly),entre,between,tussen,between,,,
находить/найти (+a),to find,estado,state,staat,state,,,
песня,song,mantener,keep,houden,keep,,,
имя (n),(first) name,ojo,eye,oog,eye,,,
партия,party (political),nunca,never,nooit,never,,,
вечер,evening,último,last,laatste,last,,,
опять,again,dejar,let,laten,let,,,
иметь (i) (+a),to have (with non-concrete object),pensado,thought,gedachte,thought,,,
между (+inst),between,ciudad,city,stad,city,,,
настоящий,real; present,árbol,tree,boom,tree,,,
план,plan,cruzar,cross,oversteken,cross,,,
правда,truth,granja,farm,boerderij,farm,,,
сорок,forty,duro,hard,hard,hard,,,
ходить/с-,to go there and back,inicio,start,begin,start,,,
ходить/пo-,to walk around,podría,might,zou,might,,,
узнавать/узнать (+a),to recognize; find out,historia,story,verhaal,story,,,
поле,field,sierra,saw,zaag,saw,,,
ночь (f),night,ahora,far,ver,far,,,
входить/войти,to enter,mar,sea,zee,sea,,,
красный,red,dibujar,draw,tekenen,draw,,,
более,more,izquierda,left,links,left,,,
урок,lesson,tarde,late,laat,late,,,
нельзя,it is not allowed; it is impossible,ejecutar,run,lopen,run,,,
тело,body,no,don’t,niet,don’t,,,
рядом,alongside,mientras,while,terwijl,while,,,
лежать/по-,"to lie, (p) lie for a while",prensa,press,pers,press,,,
про (+a),about (=о +pr) (coll),Cerrar,close,dicht,close,,,
интересный,interesting,noche,night,nacht,night,,,
никогда,never,reales,real,echt,real,,,
район,region,vida,life,leven,life,,,
нужный,necessary,pocos,few,weinig,few,,,
особенно,especially,norte,north,noorden,north,,,
отвечать/ответить,to answer,libro,book,boek,book,,,
начальник,"head, boss",llevar,carry,dragen,carry,,,
разный,"various, different",tomó,took,nam,took,,,
тридцать,thirty,ciencia,science,wetenschap,science,,,
десять,ten,comer,eat,eet,eat,,,
мир,world; peace,habitación,room,kamer,room,,,
картина,picture,amigo,friend,vriend,friend,,,
комитет,committee,comenzó,began,begon,began,,,
мысль (f),thought,gusta,idea,idee,idea,,,
гость (m),guest,peces,fish,vis,fish,,,
старший,"elder, senior",montaña,mountain,berg,mountain,,,
вид,"view, look; species",Deténgase,stop,stop,stop,,,
среди (+g),among,una vez,once,eenmaal,once,,,
случай,"case, occurrence, chance",base de,base,base,base,,,
народный,people’s,escuchar,hear,hear,hear,,,
помнить/вс- (+a/о +pr),to remember,caballo,horse,paard,horse,,,
просить/по- (+a +inf),"to request, ask (s.o. to do sth)",cortada,cut,gesneden,cut,,,
пусть,let,seguro,sure,zeker,sure,,,
разговор,conversation,ver,watch,kijken,watch,,,
двор,"yard, court",colores,color,kleur,color,,,
долго,for a long time,cara,face,gezicht,face,,,
месяц,month; moon,madera,wood,hout,wood,,,
возвращаться/вернуться,to come back,principal,main,belangrijkste,main,,,
союз,union,abierta,open,geopend,open,,,
война,war,parecer,seem,lijken,seem,,,
хотя,although,juntos,together,samen,together,,,
берег,"bank, shore",próximo,next,volgende,next,,,
целый,whole,blanco,white,wit,white,,,
группа,group,niños,children,kinderen,children,,,
скоро,soon,comenzar,begin,beginnen,begin,,,
студент,student,conseguido,got,kreeg,got,,,
товарищ,comrade,caminar,walk,lopen,walk,,,
часть (f),part,ejemplo,example,voorbeeld,example,,,
спать/по-,to sleep,aliviar,ease,gemak,ease,,,
полный,full,papel,paper,papier,paper,,,
сюда,here (hither),grupo,group,groep,group,,,
приезжать/приехать,to arrive (by transport),siempre,always,altijd,always,,,
оно,it,música,music,muziek,music,,,
женщина,woman,los,those,die,those,,,
собрание,"meeting, collection",ambos,both,beide,both,,,
подходить/подойти (к +d),to approach; (+d) to suit,marca,mark,mark,mark,,,
дерево (pl деревья),tree,menudo,often,vaak,often,,,
сад,garden,carta,letter,brief,letter,,,
чуть,"hardly, just",hasta,until,tot,until,,,
бояться (i) (+g),"to fear, be afraid",milla,mile,mijl,mile,,,
заниматься (i) (+inst),to occupy oneself,río,river,rivier,river,,,
папа (m),dad; Pope,coche,car,auto,car,,,
помощь (f),help,pies,feet,voeten,feet,,,
прошлый,past,cuidado,care,zorg,care,,,
прямо,"directly, straight",segundo,second,tweede,second,,,
лучший,better; best,suficiente,enough,genoeg,enough,,,
мастер,master,llano,plain,vlakte,plain,,,
секретарь (m),secretary,chica,girl,meisje,girl,,,
стена,wall,habitual,usual,gebruikelijke,usual,,,
оказываться/оказаться (+inst),to turn out (to be); to find oneself,joven,young,jonge,young,,,
сын (pl сыновья),son,listo,ready,klaar,ready,,,
брат,brother,por encima de,above,boven,above,,,
зачем,"why, for what",nunca,ever,ooit,ever,,,
играть/сыграть,to play,rojo,red,rood,red,,,
институт,institute; institution,lista,list,lijst,list,,,
пятый,fifth,aunque,though,hoewel,though,,,
раньше,earlier,sentir,feel,voelen,feel,,,
тихо,quiet,charla,talk,Overleg,talk,,,
чёрный,black,pájaro,bird,vogel,bird,,,
великий,great,pronto,soon,spoedig,soon,,,
завтра,tomorrow,cuerpo,body,lichaam,body,,,
широкий,wide,perro,dog,hond,dog,,,
мало (+g),few; not much,familia,family,familie,family,,,
наконец,in the end,directa,direct,rechtstreeks,direct,,,
плечо,shoulder,plantear,pose,pose,pose,,,
разве,really,dejar,leave,vertrekken,leave,,,
разве… не,surely,canción,song,lied,song,,,
снег,snow,medir,measure,meten,measure,,,
будущий,future (adj),puerta,door,deur,door,,,
сердце,heart,producto,product,artikel,product,,,
трудно,(it is) difficult,negro,black,zwart,black,,,
язык,language; tongue,corto,short,korte,short,,,
приходить/прийти,to arrive (on foot),numeral,numeral,cijfer,numeral,,,
русский,Russian; a Russian,clase,class,klasse,class,,,
недавно,recently,viento,wind,wind,wind,,,
советский,Soviet (adj),pregunta,question,vraag,question,,,
некоторый,"some, a certain",suceder,happen,gebeuren,happen,,,
продолжать/продолжить,to continue,completo,complete,compleet,complete,,,
член,member,buque,ship,schip,ship,,,
поэтому,consequently,zona,area,gebied,area,,,
замечать/заметить (+a),to notice,medio,half,helft,half,,,
квартира,"flat, apartment",roca,rock,rots,rock,,,
уметь/с- (+inf),"to know how to; be able to, manage to",orden,order,orde,order,,,
свет,light; world,fuego,fire,brand,fire,,,
назад,"back, ago",sur,south,zuiden,south,,,
школьник,schoolboy,problema,problem,probleem,problem,,,
домой,"home, homewards",pieza,piece,stuk,piece,,,
право,right; law,dicho,told,vertelde,told,,,
сильный,"strong, powerful",sabía,knew,wist,knew,,,
средний,middle; average,pasar,pass,passeren,pass,,,
дальше,further,desde,since,sinds,since,,,
задача,"task, problem",cima,top,boven,top,,,
бежать/по-,to run,todo,whole,geheel,whole,,,
ветер,wind,rey,king,king,king,,,
помогать/помочь (+d),to help (s.o.),calle,street,straat,street,,,
словно,as if,pulgadas,inch,inch,inch,,,
дорогой,"dear, expensive",multiplicar,multiply,vermenigvuldigen,multiply,,,
история,history; story,nada,nothing,niets,nothing,,,
молчать/за-,to be silent; p: to fall silent,curso,course,cursus,course,,,
солнце,sun,quedarse,stay,blijven,stay,,,
дома,at home,rueda,wheel,wiel,wheel,,,
море,sea,completo,full,volledige,full,,,
огромный,enormous,fuerza,force,kracht,force,,,
ученик,pupil,azul,blue,blauw,blue,,,
чувство,feeling,objeto,object,object,object,,,
петь/с- (+a),to sing,decidir,decide,beslissen,decide,,,
борьба,struggle,superficie,surface,oppervlak,surface,,,
речь (f),speech,profunda,deep,diepe,deep,,,
ехать/по-,to go (by transport),luna,moon,maan,moon,,,
хлеб,bread,isla,island,eiland,island,,,
движение,"movement, motion",pie,foot,voet,foot,,,
праздник,"holiday, festival",sistema,system,systeem,system,,,
внимание,attention,ocupado,busy,drukke,busy,,,
считать/счесть,(+a +inst) consider (sth/s.o. to be sth) ,prueba,test,toets,test,,,
считать/со-,to count,registro,record,opnemen,record,,,
иногда,sometimes,barco,boat,boot,boat,,,
кричать/за-,to shout,común,common,gemeenschappelijke,common,,,
фабрика,factory,oro,gold,goud,gold,,,
успевать/успеть (+inf),"to have time, to be in time",posible,possible,mogelijk,possible,,,
действительно,"really, actually",plano,plane,vliegtuig,plane,,,
именно,"namely, exactly",lugar,stead,plaats,stead,,,
общий,general (adj),seco,dry,droge,dry,,,
всякий,any,maravilla,wonder,afvragen,wonder,,,
директор,director,risa,laugh,lachen,laugh,,,
красивый,beautiful,mil,thousand,duizend,thousand,,,
номер,number; hotel room,hace,ago,geleden,ago,,,
около (+g),near; about,corrió,ran,ran,ran,,,
парень (m),"lad, boy",comprobar,check,controleren,check,,,
хозяйство,economy,juego,game,spel,game,,,
вокруг (+g),around,forma,shape,vorm,shape,,,
душа,soul,equiparar,equate,gelijk,equate,,,
четвёртый,fourth,caliente,hot,heet,hot,,,
шесть,six,señorita,miss,miss,miss,,,
поднимать/поднять (+a),"to raise, lift",traído,brought,bracht,brought,,,
взгляд,"look, view",calor,heat,warmte,heat,,,
инженер,engineer,nieve,snow,sneeuw,snow,,,
также,as well,neumáticos,tire,band,tire,,,
тяжёлый,heavy,traer,bring,brengen,bring,,,
цветок (pl цветы),flower,sí,yes,ja,yes,,,
брать/взять (+a),to take,distante,distant,verre,distant,,,
видно,"evident, visible",llenar,fill,vullen,fill,,,
воздух,air,al este,east,oosten,east,,,
давно,(since) long ago,pintar,paint,schilderen,paint,,,
забывать/забыть (+a or o +pr),to forget,idioma,language,taal,language,,,
из-за (+g),from behind; because of,entre,among,onder,among,,,
опыт,experience; experiment,unidad,unit,eenheid,unit,,,
звать/по- (+a),to call (s.o.); summon,potencia,power,kracht,power,,,
стройка,building; building site,ciudad,town,stad,town,,,
жена,wife,fina,fine,fijne,fine,,,
молоко,milk,cierto,certain,bepaalde,certain,,,
ставить/по- (+a),"to place, put (in a standing position)",volar,fly,vliegen,fly,,,
однако,however,caer,fall,vallen,fall,,,
угол,corner,conducir,lead,leiden,lead,,,
бумага,paper,grito,cry,huilen,cry,,,
принимать/принять (+a),"to take, accept, receive",oscuro,dark,donker,dark,,,
длинный,long,máquina,machine,apparaat,machine,,,
занятие,occupation; (pl) classes,nota,note,noot,note,,,
чистый,"clean, pure",espere,wait,wachten,wait,,,
садиться/сесть,to sit down; get into (transport),plan de,plan,plannen,plan,,,
часто,often,figura,figure,figuur,figure,,,
шестой,sixth,estrella,star,ster,star,,,
военный,"military, war (adj); soldier",caja,box,doos,box,,,
вставать/встать,"to get up, stand up",sustantivo,noun,zelfstandig naamwoord,noun,,,
игра,game,campo,field,veld,field,,,
кружок,"circle, club",resto,rest,rest,rest,,,
хозяин (pl хозяева),"master, boss, owner",correcta,correct,juist,correct,,,
никакой,(absolutely) no,capaz,able,in staat,able,,,
дядя (m),uncle,libra,pound,pond,pound,,,
живой,"alive, lively",hecho,done,gedaan,done,,,
деревня,village; countryside,belleza,beauty,schoonheid,beauty,,,
образ,"manner, way, shape, image",unidad,drive,rijden,drive,,,
порядок,order,destacado,stood,stond,stood,,,
строитель (m),"construction worker, builder",contener,contain,bevatten,contain,,,
успех,success,delante,front,voorzijde,front,,,
приносить/принести (+a),to bring,enseñar,teach,leren,teach,,,
слишком,"too, too much",semana,week,week,week,,,
добрый,"good, kind",último,final,finale,final,,,
прежде,before,dio,gave,gaf,gave,,,
рассказ,story,verde,green,groen,green,,,
семья,family,oh,oh,oh,oh,,,
утро,morning,rápido,quick,snel,quick,,,
лагерь (m),camp,desarrollar,develop,ontwikkelen,develop,,,
знакомый,familiar; an acquaintance,océano,ocean,oceaan,ocean,,,
армия,army,caliente,warm,warme,warm,,,
нос,nose,libre,free,gratis,free,,,
пожалуйста,"please, please do; don’t mention it",minuto,minute,minuut,minute,,,
собираться/собраться (+inf),to gather; intend to; be about to,fuerte,strong,sterke,strong,,,
сначала,at first; from the beginning,especial,special,speciaal,special,,,
техника,technology,mente,mind,geest,mind,,,
деньги (f) (pl),money,detrás,behind,achter,behind,,,
доклад,report,claro,clear,duidelijk,clear,,,
оба (f обе),both,cola,tail,staart,tail,,,
седьмой,seventh,Produce,produce,produceren,produce,,,
поздно,late,hecho,fact,feit,fact,,,
попадать/попасть (в/на +a),to hit; to get to,espacio,space,ruimte,space,,,
встреча,meeting,oído,heard,gehoord,heard,,,
возможность (f),possibility,mejor,best,best,best,,,
культура,culture,horas,hour,uur,hour,,,
следовать/по-,to follow (+d); to be required,mejor,better,beter,better,,,
команда,"team, crew; command",verdadero,true,ware,true,,,
ну,well,durante,during,tijdens,during,,,
очередь (f),"queue, turn",cien,hundred,honderd,hundred,,,
личный,personal,cinco,five,vijf,five,,,"it's time;at times, now and then(See #279)"
школа,school,recordar,remember,onthouden,remember,,,
расти/вы-,to grow,paso,step,stap,step,,,
колхоз,collective farm,temprana,early,vroeg,early,,,
причина,"reason (+g for), cause",mantenga,hold,houden,hold,,,
ребята,"children, boys (coll)",oeste,west,west,west,,,
девочка,little girl,suelo,ground,grond,ground,,,
многий,many,interés,interest,rente,interest,,,
организация,organization,llegar,reach,bereiken,reach,,,
мама,mother; mummy,rápido,fast,snel,fast,,,
станция,station,verbo,verb,werkwoord,verb,,,
туда,there (thither),cantar,sing,zingen,sing,,,
уж/уже,already; really,escuchar,listen,luisteren,listen,,,
совершенно,"completely, perfectly",seis,six,zes,six,,,
спокойно,"calmly, quietly",mesa,table,tafel,table,,,
хотеться/за- (+d),"to want, feel like; p: to start to want",viajes,travel,reizen,travel,,,
всё-таки,"all the same, for all that",menos,less,minder,less,,,
чем,than,mañana,morning,ochtend,morning,,,
будто,"as though, allegedly",diez,ten,tien,ten,,,
мнение,opinion,sencilla,simple,eenvoudig,simple,,,
впервые,for the first time,varios,several,verscheidene,several,,,
любой,any (any you like),vocal,vowel,klinker,vowel,,,
медленно,slowly,hacia,toward,in de richting van,toward,,,
друг друга,each other,guerra,war,oorlog,war,,,
приходиться/прийтись (+d),to have to,sentar,lay,leggen,lay,,,
начало,beginning,contra,against,tegen,against,,,
похожий,"resembling, similar",patrón,pattern,patroon,pattern,,,
зал,hall,lenta,slow,langzaam,slow,,,
держать (i),"to hold, keep",centro,center,centrum,center,,,
предприятие,"enterprise, factory",amar,love,liefde,love,,,
спортивный,sporting,persona,person,persoon,person,,,
весёлый,"cheerful, merry",dinero,money,geld,money,,,
здравствовать (i),"to be healthy, prosper",servir,serve,dienen,serve,,,
Здравствуй(те),Hello/How are you?,aparecerá,appear,verschijnen,appear,,,
вперёд,forward; in advance,carretera,road,weg,road,,,
зелёный,green,mapa,map,kaart,map,,,
нёбо,"sky, heaven",lluvia,rain,regen,rain,,,
встречать/встретить (+a),to meet,regla,rule,regel,rule,,,
отношение (к +d),"attitude, relation (to); (pl) relations",gobernar,govern,regeren,govern,,,
бабушка,grandmother,Halar,pull,trek,pull,,,
детский,children’s,frío,cold,koude,cold,,,
останавливаться/остановиться,to stop,aviso,notice,kennisgeving,notice,,,
ответ,answer,voz,voice,stem,voice,,,
восемь,eight,energía,energy,energie,energy,,,
доска,board,caza,hunt,hunt,hunt,,,
появляться/появиться,to appear,probable,probable,waarschijnlijk,probable,,,
неделя,week,cama,bed,bedden,bed,,,
завод,factory,hermano,brother,broer,brother,,,
форма,form,huevo,egg,ei,egg,,,
являться (i) (+inst),to be (sth) (formal),paseo,ride,rit,ride,,,
вещь (f),thing,celular,cell,cel,cell,,,
герой,hero,creer,believe,geloven,believe,,,
кроме (+g),"except, besides",quizás,perhaps,misschien,perhaps,,,
подниматься/подняться,"to rise, climb",recoger,pick,pick,pick,,,
съезд,congress,repentina,sudden,plotseling,sudden,,,
точно,exactly; punctually,contar,count,tellen,count,,,
ход,movement,plaza,square,square,square,,,
равно,"equal, alike (adv)",razón,reason,reden,reason,,,
шаг,step,longitud,length,lengte,length,,,
клуб,club,representar,represent,vertegenwoordigen,represent,,,
крупный,"large, important",arte,art,kunst,art,,,
вспоминать/вспомнить (+a or о +pr),"to remember, recall",sujeto,subject,onderwerp,subject,,,
небольшой,small,región,region,regio,region,,,
художественный,artistic,tamaño,size,grootte,size,,,
кто-то,someone,variar,vary,variëren,vary,,,
нравиться/по- (+d),to please (s. o.),resolver,settle,vestigen,settle,,,
школьный,school (adj),hablar,speak,spreken,speak,,,
государство,state,peso,weight,gewicht,weight,,,
американский,American,general,general,algemeen,general,,,
строить/по- (+a),to build,hielo,ice,ijs,ice,,,
восьмой,eighth,materia,matter,aangelegenheid,matter,,,
немного (+g),"a little, not much",círculo,circle,cirkel,circle,,,
пауза,pause,par,pair,paar,pair,,,
показывать/показать (+a +d),to show (sth to s.o.),incluir,include,omvatten,include,,,
далеко,far,brecha,divide,kloof,divide,,,
затем,"after that, then",sílaba,syllable,lettergreep,syllable,,,
здание,building,sentido,felt,vilt,felt,,,
однажды,"once, one day",gran,grand,grand,grand,,,
птица,bird,bola,ball,bal,ball,,,
самолёт,aeroplane,aún,yet,nog,yet,,,
семь,seven,ola,wave,wave,wave,,,
шофёр,driver,caer,drop,laten vallen,drop,,,
двести,two hundred,corazón,heart,hart,heart,,,
известный,well-known,am,am,ben,am,,,
правильно,correctly,presente,present,aanwezig,present,,,
решение,decision; solution,pesada,heavy,zwaar,heavy,,,
вечером,in the evening,danza,dance,dans,dance,,,
готовый,ready,motor,engine,motor,engine,,,
стараться/по- (+inf),to try,posición,position,positie,position,,,
например,for example,brazo,arm,arm,arm,,,
простой,simple,amplio,wide,breed,wide,,,
произведение,a work,vela,sail,zeil,sail,,,
учить/вы- (+a),to learn (sth),materiales,material,materiaal,material,,,
учить/на- (+а +d),to teach (s.o. sth),fracción,fraction,fractie,fraction,,,
иной,other,bosque,forest,bos,forest,,,
результат,result,sentarse,sit,zitten,sit,,,
доктор,doctor,carrera,race,ras,race,,,
случаться/случиться,to happen,ventana,window,venster,window,,,
называть/назвать (+a +inst),"to call, name (s.o. sth)",tienda,store,winkel,store,,,
важный,important,verano,summer,zomer,summer,,,
знание,knowledge,tren,train,trein,train,,,
улыбаться/улыбнуться (+d),to smile (at),sueño,sleep,slaap,sleep,,,
плохо,badly,demostrar,prove,bewijzen,prove,,,
учиться/на- (+inf),to learn (to do sth),solitario,lone,eenzame,lone,,,
открывать/открыть (+a),to open; to discover,pierna,leg,been,leg,,,
оставаться/остаться,to stay,ejercicio,exercise,oefening,exercise,,,
наука,science; scholarship,pared,wall,muur,wall,,,
камень (m),stone,capturas,catch,vangst,catch,,,
против (+g),against; opposite,monte,mount,berg,mount,,,
развитие,development,desear,wish,wensen,wish,,,
бог,God,cielo,sky,hemel,sky,,,
общество,society,bordo,board,boord,board,,,
ничего,"nothing; all right, not too bad; never mind",alegría,joy,vreugde,joy,,,
условие,condition,invierno,winter,de winter,winter,,,
господин (pl господа),gentleman; Mr,satélite,sat,zat,sat,,,
солдат,soldier,escrito,written,geschreven,written,,,
революция,revolution,salvaje,wild,wild,wild,,,
начинаться/начаться,to begin,instrumento,instrument,instrument,instrument,,,
область (f),"oblast, province; area, field (of activity)",guardado,kept,gehouden,kept,,,
что-то,"something; (coll) somewhat, somehow",vidrio,glass,glas,glass,,,
власть (f),power,hierba,grass,gras,grass,,,
судьба,fate,vaca,cow,koe,cow,,,
действие,"act, action",trabajo,job,werk,job,,,
мера,measure,borde,edge,edge,edge,,,
энергия,energy,signo,sign,teken,sign,,,
ряд,"row, line, series",visita,visit,bezoek,visit,,,
находиться/найтись,"to be situated; to be found, turn up",pasado,past,verleden,past,,,
положение,position,suave,soft,zachte,soft,,,
глядеть/по- (на +a),to look (at),diversión,fun,lol,fun,,,
век,"century; age, era",brillante,bright,heldere,bright,,,
миллион,million,gas,gas,gas,gas,,,
общественный,"social, public",tiempo,weather,weer,weather,,,
основной,"basic, fundamental",mes,month,maand,month,,,
генерал,general (noun),millones,million,miljoen,million,,,
интерес,interest,soportar,bear,dragen,bear,,,
легко,easily; it is easy,acabado,finish,afwerking,finish,,,
материал,material,feliz,happy,happy,happy,,,
цель (f),"target, purpose",esperanza,hope,hopen,hope,,,
огонь (m),fire; light,flor,flower,bloem,flower,,,
закон,law,vestir,clothe,kleden,clothe,,,
природа,nature,extraño,strange,vreemd,strange,,,
масса,mass,se ha ido,gone,weg,gone,,,
бой,battle,comercio,trade,handel,trade,,,
политический,political,melodía,melody,melodie,melody,,,
луч,"ray, beam",viaje,trip,reis,trip,,,
волна,wave,oficina,office,kantoor,office,,,
процесс,"process; trial, lawsuit",recibir,receive,ontvangen,receive,,,
научный,"scientific, scholarly",fila,row,rij,row,,,
различный,"different, various",boca,mouth,mond,mouth,,,
мировой,world (adj),exacta,exact,exacte,exact,,,
система,system,símbolo,symbol,symbool,symbol,,,
лист,leaf (of plant); sheet (of paper),morir,die,sterven,die,,,
хоть,"even if, if only, even, although",menos,least,minste,least,,,
ребёнок,child,problema,trouble,problemen,trouble,,,
связь (f),"connection, link, communication",grito,shout,schreeuw,shout,,,
вообще,in general,excepto,except,behalve,except,,,
верить/по-,"to believe (+d) s.o. or sth, (в +a ) in s.o. or sth",escribió,wrote,schreef,wrote,,,
мужчина (m),man,semilla,seed,zaad,seed,,,
что-нибудь,anything,tono,tone,toon,tone,,,
представлять/представить (+a),"to present, introduce",unirse,join,toetreden tot,join,,,
искать/по- (+a or +g),"to search for, to look for",sugerir,suggest,suggereren,suggest,,,
писатель (m),writer,limpia,clean,schoon,clean,,,
промышленность (f),industry,rotura,break,break,break,,,
учёный (m) (adj),"learned, scholarly; (as noun) scholar, scientist",dama,lady,dame,lady,,,
верно,"faithfully, truly; it is true",patio,yard,yard,yard,,,
служить/по-,to serve,aumentando,rise,stijgen,rise,,,
правительство,government,mal,bad,slecht,bad,,,
экономический,economic,golpe,blow,klap,blow,,,
есть/съ- (+a),to eat,aceite,oil,olie,oil,,,
рабочий (m) (adj),(blue collar) worker; working,sangre,blood,bloed,blood,,,
современный,"modern, contemporary",tocar,touch,aanraken,touch,,,
работник,"worker, s.o. who works",creció,grew,groeide,grew,,,
чёрт,devil,ciento,cent,procent,cent,,,
качество,quality,mezclar,mix,mengen,mix,,,
международный,international,equipo,team,team,team,,,
офицер,officer,alambre,wire,draad,wire,,,
проблема,problem,costo,cost,kosten,cost,,,
требовать/по- (+g),to demand,perdido,lost,verloren,lost,,,
коммунизм,communism,marrón,brown,bruin,brown,,,
корабль (m),ship,desgaste,wear,dragen,wear,,,
класс,class; classroom,jardín,garden,tuin,garden,,,
километр,kilometre,igual,equal,gelijk,equal,,,
число,number; date,enviado,sent,verzonden,sent,,,
база,base; depot,elegir,choose,kiezen,choose,,,
палец,finger; toe,cayó,fell,viel,fell,,,
количество,quantity,encajar,fit,passen,fit,,,
коммунист,communist,fluir,flow,stromen,flow,,,
победа,victory,justo,fair,eerlijk,fair,,,
река,river,banco,bank,bank,bank,,,
пить/вы- (+a or +g),"to drink, have an alcoholic drink",recoger,collect,verzamelen,collect,,,
человеческий,human (adj),guardar,save,besparen,save,,,
гора,"mountain, hill",el control,control,controle,control,,,
милый,"nice, dear",decimal,decimal,decimaal,decimal,,,
политика (no pl),"politics; policy, policies",oído,ear,oor,ear,,,
производство,production,demás,else,anders,else,,,
национальный,national; ethnic,bastante,quite,heel,quite,,,
холодный,cold,rompió,broke,brak,broke,,,
государственный,state (adj),caso,case,geval,case,,,
откуда,from where,medio,middle,midden,middle,,,
сложный,"complicated, complex",matar,kill,doden,kill,,,
богатый,rich,hijo,son,zoon,son,,,
бросать/бросить (+a),"to throw; abandon, give up",lago,lake,meer,lake,,,
строительство,construction,momento,moment,momenteel,moment,,,
значение,"meaning, importance",escala,scale,schaal,scale,,,
председатель (m),chairman,fuerte,loud,luid,loud,,,
характер,character,primavera,spring,voorjaar,spring,,,
необходимый,essential,observar,observe,waarnemen,observe,,,
смеяться/за-/рас- (над +inst),to laugh (at),niño,child,kind,child,,,
бороться (i) (с +inst),to struggle (against),recta,straight,straight,straight,,,
изделие,(manufactured) article,consonante,consonant,medeklinker,consonant,,,
особый,special,nación,nation,natie,nation,,,
смерть (f),death,diccionario,dictionary,woordenboek,dictionary,,,
статья,"article (newspaper, journal)",leche,milk,melk,milk,,,
счёт,"bill, account; count, score",velocidad,speed,snelheid,speed,,,
весьма,"very, extremely",método,method,methode,method,,,
сельский,"rural, country",órgano,organ,orgel,organ,,,
средство,means; (pl) resources,pagar,pay,betalen,pay,,,
подобный,similar,edad,age,leeftijd,age,,,
пример,example,sección,section,sectie,section,,,
революционный,revolutionary,vestido,dress,kleding,dress,,,
скорость (f),speed,nube,cloud,wolk,cloud,,,
факт,fact,sorpresa,surprise,verrassing,surprise,,,
малый,small,tranquila,quiet,rustig,quiet,,,
чай,tea,piedra,stone,steen,stone,,,
тёмный,dark,pequeño,tiny,minuscuul,tiny,,,
явление,phenomenon,ascenso,climb,klimmen,climb,,,
состоять (i) (из +g),to consist (of),fresco,cool,koele,cool,,,
ясно,clearly; it is clear,diseño,design,ontwerp,design,,,
точка,"dot, point; full stop",pobre,poor,slechte,poor,,,
стоить (i),"to cost, to be worth",mucho,lot,veel,lot,,,
ум,"mind, intellect",experimento,experiment,experiment,experiment,,,
вполне,"fully, entirely",inferior,bottom,onderzijde,bottom,,,
событие,event,clave,key,sleutel,key,,,
существовать (i),to exist,hierro,iron,ijzer,iron,,,
кабинет,"study, office",sola,single,enkelvoudige,single,,,
спасибо,thank you,palillo,stick,stok,stick,,,
враг,enemy,plana,flat,flat,flat,,,
глубокий,deep,veinte,twenty,twintig,twenty,,,
французский,French (adj),piel,skin,huid,skin,,,
близкий,"close, near",sonrisa,smile,glimlach,smile,,,
ах,"ah!, oh!",pliegue,crease,vouw,crease,,,
деятельность (f),activity,agujero,hole,gat,hole,,,
приводить/привести (+a),to bring (s.o.); (к +d) lead to,saltar,jump,springen,jump,,,
трубка,"tube, pipe; telephone receiver",bebé,baby,kindje,baby,,,
английский,English; British (adj),ocho,eight,acht,eight,,,
сей ,this (=этот) (bookish; used in set phrases),pueblo,village,dorp,village,,,
температура,temperature,se reúnen,meet,ontmoeten,meet,,,
состояние,"state, condition; fortune",raíz,root,wortel,root,,,
счастье,"happiness, luck",comprar,buy,kopen,buy,,,
смысл,"sense, meaning",aumentar,raise,verhogen,raise,,,
рубль (m),rouble,resolver,solve,op te lossen,solve,,,
вчера,yesterday,de metal,metal,metalen,metal,,,
правый,right; right-wing,si,whether,of,whether,,,
автор,author,empujar,push,duw,push,,,
большинство,majority,siete,seven,zeven,seven,,,
известно,it is (well) known,párrafo,paragraph,paragraaf,paragraph,,,
мелкий,"small, petty, fine",tercero,third,derde,third,,,
течение,"flow, current; course",deberá,shall,zal,shall,,,
оружие,"arms, weapons",en espera,held,gehouden,held,,,
муж,husband,pelo,hair,haar,hair,,,
происходить/произойти,to happen; to originate,describir,describe,beschrijven,describe,,,
свободный,free,cocinero,cook,kok,cook,,,
идея,idea,piso,floor,vloer,floor,,,
усилие,effort,ya sea,either,ofwel,either,,,
линия,line,resultado,result,resultaat,result,,,
искусство,art,quemar,burn,verbranden,burn,,,
состав,"composition, make-up",colina,hill,hill,hill,,,
капитализм,capitalism,seguro,safe,veilig,safe,,,
литература,literature,gato,cat,kat,cat,,,
страница,page,siglo,century,eeuw,century,,,
бить/по- (+a),"to beat, hit",considerar,consider,overwegen,consider,,,
иначе,otherwise,tipo,type,soort,type,,,
читатель (m),reader,ley,law,wet,law,,,
наиболее,(the) most,bit,bit,beetje,bit,,,
рост,"growth, increase; height",costa,coast,kust,coast,,,
американец,American (noun),copia,copy,kopie,copy,,,
корень (m),root,frase,phrase,zinsnede,phrase,,,
немец,German (noun),silencio,silent,stil,silent,,,
небо,serious,de altura,tall,hoog,tall,,,
свойство,"characteristic, property",arena,sand,zand,sand,,,
взглядывать/взглянуть (на +a),"to look, glance (at)",suelo,soil,bodem,soil,,,
высоко,high (up); highly; it is high,rollo,roll,rol,roll,,,
население,population,temperatura,temperature,temperatuur,temperature,,,
стекло,glass (material),dedo,finger,vinger,finger,,,
театр,theatre,industria,industry,industrie,industry,,,
надежда,hope,valor,value,waarde,value,,,
довольно,"fairly, rather; contentedly; (+g) enough",lucha,fight,strijd,fight,,,
край,"edge; region, area",mentira,lie,leugen,lie,,,
мужик,(Russian) peasant,batir,beat,verslaan,beat,,,
степь (f),steppe,excitar,excite,excite,excite,,,
цвет,colour; blossom; prime,naturales,natural,natuurlijke,natural,,,
дед,grandfather,vista,view,view,view,,,
основа,"base, foundation",sentido,sense,sense,sense,,,
рано,early; it is early,de capital,capital,hoofdstad,capital,,,
технический,technical; engineering,no lo hará,won’t,zal niet,won’t,,,
счастливый,"happy, lucky",silla,chair,stoel,chair,,,
круг,circle,peligro,danger,gevaar,danger,,,
момент,moment; feature (of a situation),fruta,fruit,fruit,fruit,,,
необходимо,it is essential; it is necessary,rica,rich,rijk,rich,,,
строй,"system, structure; military formation",de espesor,thick,dikke,thick,,,
дочь (f),daughter,soldado,soldier,soldaat,soldier,,,
использовать (i/p) (+a),to make use of,proceso,process,proces,process,,,
министр,minister (government),operar,operate,werken,operate,,,
синий,dark blue,práctica,practice,praktijk,practice,,,
передавать/передать (+a),"to pass, hand over; transmit, convey",separada,separate,apart,separate,,,
программа,programme,difícil,difficult,moeilijk,difficult,,,
десяток,ten; a decade,médico,doctor,arts,doctor,,,
кровь (f),blood,por favor,please,aub,please,,,
отдавать/отдать (+a),to give back; to give away; to return,proteger,protect,beschermen,protect,,,
отдельный,"separate, individual",mediodía,noon,middag,noon,,,
свобода,freedom,de cultivos,crop,gewas,crop,,,
хватать/хватить (+g),"(3rd pers +g) to be enough, suffice",moderno,modern,moderne,modern,,,
внутренний,"inner, interior, internal",elemento,element,onderdeel,element,,,
выступать/выступить,to appear in public; protrude; to speak (publicly),golpear,hit,hit,hit,,,
как-то,"somehow; (coll) once, at one time",estudiante,student,leerling,student,,,
занимать/занять (+a),to occupy,esquina,corner,hoek,corner,,,
представитель (m),representative,partido,party,partij,party,,,
фронт,front (war),suministro,supply,levering,supply,,,
богатство,"wealth, riches",cuya,whose,wiens,whose,,,
желать/по- (+g),"to want, wish (for)",localizar,locate,lokaliseren,locate,,,
какой-нибудь,any; any kind of,anillo,ring,kookplaten,ring,,,
глубина,depth,carácter,character,karakter,character,,,
мимо (+g),past,insecto,insect,insecten,insect,,,
управление,management; administration; control,capturado,caught,gevangen,caught,,,
слава,"glory, fame",período,period,periode,period,,,
сотня,a hundred,indicar,indicate,geven,indicate,,,
страшный,"terrible, dreadful",Radio,radio,radio In,radio,,,
тем,(by) so much,habló,spoke,sprak,spoke,,,
весна,spring (season),átomo,atom,atoom,atom,,,
действовать/по-,"to act, function, affect",humana,human,menselijk,human,,,
пол,floor; sex,historia,history,geschiedenis,history,,,
процент,"percent, percentage",efecto,effect,werking,effect,,,
родина,"homeland, native land",eléctrica,electric,elektrische,electric,,,
сцена,stage (theatre); scene,esperar,expect,verwachten,expect,,,
значительный,significant,hueso,bone,bot,bone,,,
метр,metre (measurement),ferrocarril,rail,spoor,rail,,,
чужой,someone else’s; foreign,imaginar,imagine,stel,imagine,,,
воля,"will; freedom, liberty",proporcionar,provide,bieden,provide,,,
зуб,tooth,acuerdo,agree,instemmen,agree,,,
менее,less,"por tanto,",thus,dus,thus,,,
метод,method,suave,gentle,zachte,gentle,,,
прощать/простить (+a),"to forgive (s.o. or sth), pardon",mujer,woman,vrouw,woman,,,
связывать/связать (+a),"to tie; to connect, bind",capitán,captain,kapitein,captain,,,
яркий,bright,adivinar,guess,denk,guess,,,
песок,sand,necesario,necessary,noodzakelijk,necessary,,,
уровень (m),level; standard,agudo,sharp,scherpe,sharp,,,
исторический,historical; historic,ala,wing,vleugel,wing,,,
источник,source,crear,create,creëren,create,,,
половина,half,vecino,neighbor,buurman,neighbor,,,
служба,service,lavado,wash,wassen,wash,,,
ладно,harmoniously; all right (unenthusiastic agreement),bate,bat,vleermuis,bat,,,
мешать/по- (+d),"to disturb, hinder, prevent; (+a) stir",más bien,rather,eerder,rather,,,
село,village,multitud,crowd,menigte,crowd,,,
впрочем,"however, but; or rather",maíz,corn,maïs,corn,,,
горячий,hot,comparar,compare,vergelijken,compare,,,
образование,education; formation,poema,poem,gedicht,poem,,,
тонна,"ton (1,000 kilogrammes)",cadena,string,koord,string,,,
вызывать/вызвать (+a),to summon; cause,campana,bell,bell,bell,,,
зрение,"eyesight, vision",dependerá,depend,afhangen,depend,,,
морской,"sea, marine; naval",carne,meat,vlees,meat,,,
остальной,the rest (of),frotar,rub,wrijven,rub,,,
семя (n),seed,tubo,tube,buis,tube,,,
сильно,strongly; very much,famoso,famous,beroemde,famous,,,
тонкий,"thin, slender; fine, subtle",dólar,dollar,deas,dollar,,,
флот,fleet,corriente,stream,stroom,stream,,,
беседа,"talk, discussion",miedo,fear,angst,fear,,,
данный,given,vista,sight,zicht,sight,,,
достаточно,sufficiently; (+g) enough,delgado,thin,dun,thin,,,
единственный,"only, sole",triángulo,triangle,driehoek,triangle,,,
лампа,lamp,planeta,planet,planeet,planet,,,
продукция,"production, output",prisa,hurry,haast,hurry,,,
центр,centre,jefe,chief,chief,chief,,,
вовсе,at all,colonia,colony,kolonie,colony,,,
западный,western,reloj,clock,klok,clock,,,
корреспондент,correspondent,mina,mine,de mijne,mine,,,
пожалуй,very probably,empate,tie,stropdas,tie,,,
приём,"reception; method, device",entrar,enter,voeren,enter,,,
прочий,other,importante,major,grote,major,,,
страшно,terribly; it is terrible,fresco,fresh,vers,fresh,,,
возле (+g),"by, near",búsqueda,search,zoeken,search,,,
вон,"out, away; over there",enviar,send,sturen,send,,,
партийный,party (adj),amarillo,yellow,geel,yellow,,,
телефон,telephone,pistola,gun,pistool,gun,,,
удаваться/удаться (+d),to succeed,permitir,allow,toelaten,allow,,,
быстрый,"quick, fast",print,print,afdrukken,print,,,
крестьянин,peasant,muerto,dead,dood,dead,,,
выход,"exit, way out",lugar,spot,plek,spot,,,
пытаться/по- (+inf),to attempt,desierto,desert,woestijn,desert,,,
стих,line of poetry,traje,suit,pak,suit,,,
период,period,actual,current,huidige,current,,,
убивать/убить (+a),to kill; to murder,ascensor,lift,lift,lift,,,
дружба,friendship,rosa,rose,gestegen,rose,,,
едва,"hardly, scarcely, only just",llegar,arrive,aankomen,arrive,,,
неужели,really? is it possible?,master,master,meester,master,,,
степень (f),"degree, extent",pista,track,spoor,track,,,
боевой,"fighting, battle",padre,parent,ouder,parent,,,
"войска (n, pl)","troops, army",orilla,shore,oever,shore,,,
карта,"map, card",división,division,divisie,division,,,
направление,direction,hoja,sheet,blad,sheet,,,
человечество,mankind,sustancia,substance,stof,substance,,,
вроде (+g),"like, such as",favorecer,favor,gunst,favor,,,
громадный,enormous,conectar,connect,aansluiten,connect,,,
лёгкий,"light, easy",mensaje,post,post,post,,,
пользоваться/вос- (+inst),"to use, make use of",pasar,spend,besteden,spend,,,
предложение,"offer, suggestion; sentence (grammar)",acorde,chord,akkoord,chord,,,
элемент,element,grasa,fat,vet,fat,,,
являться/явиться,to appear,contento,glad,blij,glad,,,
вероятно,probably,originales,original,origineel,original,,,
печь/ис- (+a),to bake,cuota,share,aandeel,share,,,
печь (f),stove,estación,station,station,station,,,
казаться/по-,"to seem, to appear, to show oneself",papá,dad,dad,dad,,,
умный,intelligent,pan,bread,brood,bread,,,
глава,"head, chief; chapter",cobrar,charge,rekenen,charge,,,
плакать/за-,"to cry, weep, p: to begin to cry",adecuada,proper,behoorlijk,proper,,,
сквозь (+a),through,barra,bar,bar,bar,,,
способ,"way, method",oferta,offer,aanbod,offer,,,
способный,"able, capable",segmento,segment,segmenten,segment,,,
церковь (f),church,esclavo,slave,slaaf,slave,,,
"часы (m, pl)","watch, clock",pato,duck,eend,duck,,,
честь (f),honour,instantánea,instant,onmiddellijke,instant,,,
открытый,open (adj),mercado,market,markt,market,,,
память (f),memory,grado,degree,graad,degree,,,
понятно,understandably; I see! I understand!,poblar,populate,bevolken,populate,,,
совещание,"meeting, conference",polluelo,chick,kuiken,chick,,,
замечательный,"remarkable, splendid",querido,dear,lieve,dear,,,
знаменитый,famous,enemigo,enemy,vijand,enemy,,,
предмет,"object, article; subject, topic",responder,reply,antwoorden,reply,,,
слеза,tear,bebida,drink,drankje,drink,,,
где-то,somewhere,producirse,occur,voorkomen,occur,,,
дно,"bottom (of sea, river, well, vessel)",apoyo,support,ondersteuning,support,,,
магазин,"shop, store",discurso,speech,spraak,speech,,,
вещество́,"substance, matter",naturaleza,nature,natuur,nature,,,
создание,creation; creature,alcance,range,reeks,range,,,
старуха,old woman,vapor,steam,stoom,steam,,,
карман,pocket,movimiento,motion,beweging,motion,,,
музей,museum,camino,path,pad,path,,,
падать/пасть,to fall,líquido,liquid,vloeistof,liquid,,,
ясный,clear,log,log,aanmelden,log,,,
поверхность (f),surface,significado,meant,betekende,meant,,,
близко,"it is near, it is not far; near, close; closely",cociente,quotient,quotiënt,quotient,,,
заявлять/заявить (о +pr),to announce,dientes,teeth,tanden,teeth,,,
золотой,"gold, golden",concha,shell,schelp,shell,,,
колено,knee,cuello,neck,nek,neck,,,
равный,equal (adj),oxígeno,oxygen,zuurstof,oxygen,,,
следующий,"following, next",azúcar,sugar,suiker,sugar,,,
снимать/снять (+a),to take off; photograph; rent,muerte,death,dood,death,,,
страх,fear,bastante,pretty,vrij,pretty,,,
тёплый,warm,habilidad,skill,vaardigheid,skill,,,
высота,height,mujeres,women,vrouwen,women,,,
музыка,music,temporada,season,seizoen,season,,,
остров,island,solución,solution,oplossing,solution,,,
относиться/отнестись (к +d),"to relate to; to regard, treat",imán,magnet,magneet,magnet,,,
переставать/перестать (+inf),"to cease, stop",plata,silver,zilver,silver,,,
столь,so,gracias,thank,dank,thank,,,
мирный,"peace, peaceful",rama,branch,tak,branch,,,
трудный,difficult,partido,match,wedstrijd,match,,,
долгий,long (in time),sufijo,suffix,achtervoegsel,suffix,,,
железный,iron (adj),especialmente,especially,vooral,especially,,,
прямой,"straight, direct",higo,fig,vijg,fig,,,
социальный,social,miedo,afraid,bang,afraid,,,
волос,(a) hair,enorme,huge,reusachtig,huge,,,
воспитание,upbringing,hermana,sister,zus,sister,,,
дитя (n),child,acero,steel,staal,steel,,,
покупать/купить (+a),to buy,discutir,discuss,bespreken,discuss,,,
луна,moon,adelante,forward,vooruit,forward,,,
пускать/пустить (+a),to allow; let in; let go,similar,similar,gelijkaardige,similar,,,
вместо (+g),instead of,guiar,guide,begeleiden,guide,,,
несмотря (на +a),in spite of,experiencia,experience,ervaring,experience,,,
кулак,fist; kulak (rich peasant),puntuación,score,partituur,score,,,
кухня,kitchen,manzana,apple,appel,apple,,,
любовь (f),love,comprado,bought,gekocht,bought,,,
рисунок,drawing,llevado,led,geleid,led,,,
слой,"layer, stratum",pitch,pitch,toonhoogte,pitch,,,
тема,"subject, topic, theme",abrigo,coat,coat,coat,,,
цена,price,masa,mass,massa,mass,,,
конь (m),horse,tarjeta,card,kaart,card,,,
материальный,material (adj),banda,band,band,band,,,
теория,theory,cuerda,rope,touw,rope,,,
баба,"peasant woman; (coll) old woman, woman",deslizamiento,slip,slip,slip,,,
терять/по- (+a),to lose,ganar,win,win,win,,,
прекрасный,"beautiful, fine",soñar,dream,dromen,dream,,,
род,"family, kin; birth, origin; sort, kind; gender",noche,evening,avond,evening,,,
голубой,light blue,condición,condition,voorwaarde,condition,,,
господь (m),"God, the Lord",pienso,feed,voer,feed,,,
губа,lip,herramienta,tool,gereedschap,tool,,,
посылать/послать (+a),to send,totales,total,totaal,total,,,
руководитель (m),"leader, manager; instructor, supervisor",básico,basic,elementaire,basic,,,
специальный,special,olor,smell,geur,smell,,,
тётя,aunt,valle,valley,dal,valley,,,
центральный,central,ni,nor,noch,nor,,,
всего,"in all, altogether; only",doble,double,dubbel,double,,,
вывод,"conclusion, deduction",asiento,seat,zitje,seat,,,
выполнять/выполнить (+a),"to carry out, fulfil",continuar,continue,blijven,continue,,,
зерно,"grain, seed",bloque,block,blokkeren,block,,,
молодёжь (f),young people,tabla,chart,grafiek,chart,,,
эх,"eh! oh! (expressing regret, annoyance, reproach, amazement)",sombrero,hat,hoed,hat,,,
возможно,possibly; possible; it is possible,vender,sell,verkopen,sell,,,
глубоко,"deep; deeply, it is deep",éxito,success,succes,success,,,
добиваться/добиться (+g),"to obtain, achieve; to strive for; to get",empresa,company,bedrijf,company,,,
местный,local,restar,subtract,aftrekken,subtract,,,
растение,plant,evento,event,evenement,event,,,
старик,old man,"particular,",particular,bijzonder,particular,,,
поход,"campaign; walking tour, expedition; cruise",acuerdo,deal,deal,deal,,,
спина,back [noun],nadar,swim,zwemmen,swim,,,
судить (i/p) (о +pr),to judge; (+a) try (s.o.),plazo,term,termijn,term,,,
умирать/умереть,to die,opuesta,opposite,tegengesteld,opposite,,,
экономика,economics; economy,esposa,wife,vrouw,wife,,,
больной,"ill; sore; (as noun) patient, invalid",zapato,shoe,schoen,shoe,,,
дух,spirit; breath,hombro,shoulder,schouder,shoulder,,,
ниже,"lower, below",propagación,spread,spreiding,spread,,,
океан,ocean,organizar,arrange,regelen,arrange,,,
запас,"stock, supply; reserve",campamento,camp,kamp,camp,,,
земной,"earthly, terrestrial",inventar,invent,uitvinden,invent,,,
министерство,ministry (government),algodón,cotton,katoen,cotton,,,
обязательно,"without fail, definitely",nacido,born,geboren,born,,,
польза,use; benefit,determinar,determine,bepalen,determine,,,
предлагать/предложить (+a +d),"to offer, propose (sth to s.o.)",cuarto de galón,quart,quart,quart,,,
создавать/создать (+a),to create,nueve,nine,negen,nine,,,
вновь,"anew, again; newly",camión,truck,vrachtwagen,truck,,,
зависеть (i) (от +g),to depend (on),ruido,noise,geluidsoverlast,noise,,,
плод,fruit,nivel,level,niveau,level,,,
радио (n) (indecl),radio,oportunidad,chance,kans,chance,,,
разнообразный,"various, varied",reunir,gather,verzamelen,gather,,,
существование,existence,tienda,shop,winkel,shop,,,
бывший,former,tramo,stretch,rekken,stretch,,,
касаться/коснуться (+g),to touch; to concern,lanzar,throw,gooien,throw,,,
никак,in no way; by no means,brillo,shine,glans,shine,,,
основание,"foundation, basis; founding",propiedad,property,pand,property,,,
приказывать/приказать (+d),"to order, command s.o.",columna,column,column,column,,,
родной,"native; own; (as noun, in pl) relatives, relations",molécula,molecule,molecuul,molecule,,,
солнечный,"sun, solar; sunny",seleccionar,select,selecteren,select,,,
стремиться (i) (к +d),to strive (for),mal,wrong,mis,wrong,,,
газ,gas,gris,gray,grijs,gray,,,
орудие,"instrument; implement; (field) gun, piece of ordnance",repita,repeat,herhaal,repeat,,,
радость (f),joy,exigir,require,vereisen,require,,,
том,volume (book),amplio,broad,brede,broad,,,
честный,honest,preparar,prepare,bereiden,prepare,,,
исследование,investigation; research,sal,salt,zout,salt,,,
ладонь (f),palm (of the hand),nariz,nose,neus,nose,,,
определённый,definite; certain,plurales,plural,meervoud,plural,,,
позиция,position,cólera,anger,woede,anger,,,
ради (+g),for the sake of,reclamación,claim,vordering,claim,,,
срок,"period (of time); (last) date, deadline",continente,continent,werelddeel,continent,,,
